31,Yucatán,50,Mérida,Mérida,Urbano,97000,"Jardines de San Sebastian",Fraccionamiento
31,Yucatán,50,Mérida,Mérida,Urbano,97000,"La Quinta",Fraccionamiento
31,Yucatán,50,Mérida,Mérida,Urbano,97000,"Los Cocos",Fraccionamiento
31,Yucatán,50,Mérida,Mérida,Urbano,97000,"Merida Centro",Colonia
31,Yucatán,50,Mérida,Mérida,Urbano,97000,"Privada Del Maestro",Fraccionamiento
31,Yucatán,50,Mérida,Mérida,Urbano,97000,"Privada Garcia Gineres C - 29",Colonia
31,Yucatán,50,Mérida,Mérida,Urbano,97003,"Los Reyes",Fraccionamiento
31,Yucatán,50,Mérida,Mérida,Urbano,97050,"Alcalá Martín",Colonia
31,Yucatán,50,Mérida,Mérida,Urbano,97050,"Conjunto Residencial Del Norte",Fraccionamiento
31,Yucatán,50,Mérida,Mérida,Urbano,97050,Yucatan,Colonia
31,Yucatán,50,Mérida,Mérida,Urbano,97059,Señorial,Fraccionamiento
31,Yucatán,50,Mérida,Mérida,Urbano,97060,"Carrillo Ancona",Colonia
31,Yucatán,50,Mérida,Mérida,Urbano,97068,Itzaes,Fraccionamiento
31,Yucatán,50,Mérida,Mérida,Urbano,97069,Inalámbrica,Colonia
31,Yucatán,50,Mérida,Mérida,Urbano,97070,"Dolores Patron",Colonia
31,Yucatán,50,Mérida,Mérida,Urbano,97070,"El Pedregal",Fraccionamiento
31,Yucatán,50,Mérida,Mérida,Urbano,97070,"Garcia Gineres",Colonia
31,Yucatán,50,Mérida,Mérida,Urbano,97080,"La Huerta",Fraccionamiento
31,Yucatán,50,Mérida,Mérida,Urbano,97088,"Santa Cecilia",Fraccionamiento
31,Yucatán,50,Mérida,Mérida,Urbano,97089,Cupules,Colonia
31,Yucatán,50,Mérida,Mérida,Urbano,97098,Lourdes,Colonia
31,Yucatán,50,Mérida,Mérida,Urbano,97099,Waspa,Fraccionamiento
31,Yucatán,50,Mérida,Mérida,Urbano,97100,Itzimna,Fraccionamiento
31,Yucatán,50,Mérida,Mérida,Urbano,97100,Itzimna,Colonia
31,Yucatán,50,Mérida,Mérida,Urbano,97100,"Itzimna 2",Fraccionamiento
31,Yucatán,50,Mérida,Mérida,Urbano,97100,"Rinconada Itzmina",Fraccionamiento
31,Yucatán,50,Mérida,Mérida,Urbano,97107,Manola,Fraccionamiento
31,Yucatán,50,Mérida,Mérida,Urbano,97108,"Las Arboledas",Fraccionamiento
31,Yucatán,50,Mérida,Mérida,Urbano,97109,Ferrocarrileros,Colonia
31,Yucatán,50,Mérida,Mérida,Urbano,97109,"Jesús Carranza",Colonia
31,Yucatán,50,Mérida,Mérida,Urbano,97110,"Unidad Habitacional Revolución I (Cordemex)",Fraccionamiento
31,Yucatán,50,Mérida,Mérida,Urbano,97110,"Unidad Revolución",Fraccionamiento
31,Yucatán,50,Mérida,Mérida,Urbano,97113,"Gran Royal Altabrisa",Fraccionamiento
31,Yucatán,50,Mérida,Mérida,Urbano,97113,Montebello,Fraccionamiento
31,Yucatán,50,Mérida,Mérida,Urbano,97113,"Montebello II",Fraccionamiento
31,Yucatán,50,Mérida,Mérida,Urbano,97113,"San Antonio",Residencial
31,Yucatán,50,Mérida,Mérida,Urbano,97113,"Sol Campestre",Fraccionamiento
31,Yucatán,50,Mérida,Mérida,Urbano,97113,Xaman-Tan,Fraccionamiento
31,Yucatán,50,Mérida,Mérida,Urbano,97114,"Monte Alban",Fraccionamiento
31,Yucatán,50,Mérida,Mérida,Urbano,97114,"Privada Monterreal Plus",Colonia
31,Yucatán,50,Mérida,Mérida,Urbano,97114,"Residencial Sol Campestre",Fraccionamiento
31,Yucatán,50,Mérida,Mérida,Urbano,97115,"Ampliación Cordemex",Fraccionamiento
31,Yucatán,50,Mérida,Mérida,Urbano,97115,"Ampliación Revolución",Colonia
31,Yucatán,50,Mérida,Mérida,Urbano,97115,Cordemex,Fraccionamiento
31,Yucatán,50,Mérida,Mérida,Urbano,97115,"Gonzalo Guerrero",Fraccionamiento
31,Yucatán,50,Mérida,Mérida,Urbano,97115,"Hacienda Dzodzil",Colonia
31,Yucatán,50,Mérida,Mérida,Urbano,97115,"Montes de Ame",Colonia
31,Yucatán,50,Mérida,Mérida,Urbano,97115,"Residencial Montejo Norte",Fraccionamiento
31,Yucatán,50,Mérida,Mérida,Urbano,97115,"Residencial San Angelo",Fraccionamiento
31,Yucatán,50,Mérida,Mérida,Urbano,97115,Revolución,Ampliación
31,Yucatán,50,Mérida,Mérida,Urbano,97115,"Royal del Norte",Fraccionamiento
31,Yucatán,50,Mérida,Mérida,Urbano,97116,"Privada San Antonio Cucul",Colonia
31,Yucatán,50,Mérida,Mérida,Urbano,97116,"San Antonio Cucul",Fraccionamiento
31,Yucatán,50,Mérida,Mérida,Urbano,97117,"San Ramon Norte",Colonia
31,Yucatán,50,Mérida,Mérida,Urbano,97117,"San Ramon Norte I",Colonia
31,Yucatán,50,Mérida,Mérida,Urbano,97117,"San Ramon Sur",Colonia
31,Yucatán,50,Mérida,Mérida,Urbano,97117,Villareal,Fraccionamiento
31,Yucatán,50,Mérida,Mérida,Urbano,97117,Xaman-Kab,Fraccionamiento
31,Yucatán,50,Mérida,Mérida,Urbano,97118,"Ampliación Plan de Ayala (Villas del Sol)",Ampliación
31,Yucatán,50,Mérida,Mérida,Urbano,97118,"Plan de Ayala",Fraccionamiento
31,Yucatán,50,Mérida,Mérida,Urbano,97118,"Plan de Ayala",Colonia
31,Yucatán,50,Mérida,Mérida,Urbano,97118,"Villas Del Sol",Fraccionamiento
31,Yucatán,50,Mérida,Mérida,Urbano,97119,"Benito Juárez Nte",Colonia
31,Yucatán,50,Mérida,Mérida,Urbano,97119,"Gonzalo Guerrero",Fraccionamiento
31,Yucatán,50,Mérida,Mérida,Urbano,97119,"Villas del Rey",Fraccionamiento
31,Yucatán,50,Mérida,Mérida,Urbano,97119,"Villas La Hacienda",Fraccionamiento
31,Yucatán,50,Mérida,Mérida,Urbano,97120,"Ampliación del Norte (1a. Ampliación)",Fraccionamiento
31,Yucatán,50,Mérida,Mérida,Urbano,97120,Campestre,Fraccionamiento
31,Yucatán,50,Mérida,Mérida,Urbano,97120,"Del Norte",Fraccionamiento
31,Yucatán,50,Mérida,Mérida,Urbano,97120,Tecnológico,Fraccionamiento
31,Yucatán,50,Mérida,Mérida,Urbano,97121,"Centro Sct Yucatán","Gran usuario"
31,Yucatán,50,Mérida,Mérida,Urbano,97125,México,Colonia
31,Yucatán,50,Mérida,Mérida,Urbano,97125,"Privada Nuevo México",Colonia
31,Yucatán,50,Mérida,Mérida,Urbano,97127,Buenavista,Colonia
31,Yucatán,50,Mérida,Mérida,Urbano,97127,Montejo,Fraccionamiento
31,Yucatán,50,Mérida,Mérida,Urbano,97128,"México Norte",Colonia
31,Yucatán,50,Mérida,Mérida,Urbano,97128,"Privada Mediterráneo",Colonia
31,Yucatán,50,Mérida,Mérida,Urbano,97128,"Privada Real México",Fraccionamiento
31,Yucatán,50,Mérida,Mérida,Urbano,97128,"Residencial Colonia México",Fraccionamiento
31,Yucatán,50,Mérida,Mérida,Urbano,97129,"Emiliano Zapata Nte",Colonia
31,Yucatán,50,Mérida,Mérida,Urbano,97130,Altabrisa,Fraccionamiento
31,Yucatán,50,Mérida,Mérida,Urbano,97130,"Cumbres de Altabrisa",Colonia
31,Yucatán,50,Mérida,Mérida,Urbano,97130,"Diaz Ordaz",Colonia
31,Yucatán,50,Mérida,Mérida,Urbano,97130,"Missan II",Fraccionamiento
31,Yucatán,50,Mérida,Mérida,Urbano,97130,Montecarlo,Fraccionamiento
31,Yucatán,50,Mérida,Mérida,Urbano,97130,"Montecarlo Norte",Colonia
31,Yucatán,50,Mérida,Mérida,Urbano,97130,"Privada Maya",Colonia
31,Yucatán,50,Mérida,Mérida,Urbano,97130,"Privada Vista Alegre",Colonia
31,Yucatán,50,Mérida,Mérida,Urbano,97130,"Residencial Palmerales de Altabrisa",Fraccionamiento
31,Yucatán,50,Mérida,Mérida,Urbano,97130,"San Carlos",Fraccionamiento
31,Yucatán,50,Mérida,Mérida,Urbano,97130,"San Remo",Fraccionamiento
31,Yucatán,50,Mérida,Mérida,Urbano,97130,"Santa Rita Cholul",Colonia
31,Yucatán,50,Mérida,Mérida,Urbano,97130,Torremolinos,Fraccionamiento
31,Yucatán,50,Mérida,Mérida,Urbano,97130,"Vista Alegre",Colonia
31,Yucatán,50,Mérida,Mérida,Urbano,97130,"Vista Alegre",Fraccionamiento
31,Yucatán,50,Mérida,Mérida,Urbano,97130,"Vista Alegre Norte",Fraccionamiento
31,Yucatán,50,Mérida,Mérida,Urbano,97133,"Camara de Comercio Norte",Fraccionamiento
31,Yucatán,50,Mérida,Mérida,Urbano,97133,"Los Palmares de Altabrisa",Fraccionamiento
31,Yucatán,50,Mérida,Mérida,Urbano,97133,Montecristo,Fraccionamiento
31,Yucatán,50,Mérida,Mérida,Urbano,97133,Monterreal,Fraccionamiento
31,Yucatán,50,Mérida,Mérida,Urbano,97133,Montevideo,Colonia
31,Yucatán,50,Mérida,Mérida,Urbano,97133,"Residencial Camara de Comercio Norte",Fraccionamiento
31,Yucatán,50,Mérida,Mérida,Urbano,97134,"Jose Maria Iturralde",Fraccionamiento
31,Yucatán,50,Mérida,Mérida,Urbano,97134,Maya,Colonia
31,Yucatán,50,Mérida,Mérida,Urbano,97134,"Paraíso Maya",Fraccionamiento
31,Yucatán,50,Mérida,Mérida,Urbano,97134,"Privada Villa Cholul",Fraccionamiento
31,Yucatán,50,Mérida,Mérida,Urbano,97135,"Jardines de Mérida",Fraccionamiento
31,Yucatán,50,Mérida,Mérida,Urbano,97136,"Felipe Carrillo Puerto Nte",Colonia
31,Yucatán,50,Mérida,Mérida,Urbano,97137,"México Oriente",Colonia
31,Yucatán,50,Mérida,Mérida,Urbano,97138,"El Arco",Fraccionamiento
31,Yucatán,50,Mérida,Mérida,Urbano,97138,"Jardines de Vista Alegre",Fraccionamiento
31,Yucatán,50,Mérida,Mérida,Urbano,97138,"Jardines de Vista Alegre II",Fraccionamiento
31,Yucatán,50,Mérida,Mérida,Urbano,97138,"Jardines del Noreste",Fraccionamiento
31,Yucatán,50,Mérida,Mérida,Urbano,97138,"Jardines Del Norte",Fraccionamiento
31,Yucatán,50,Mérida,Mérida,Urbano,97138,"La Florida",Fraccionamiento
31,Yucatán,50,Mérida,Mérida,Urbano,97138,"Los Álamos",Fraccionamiento
31,Yucatán,50,Mérida,Mérida,Urbano,97138,"Los Pinos",Fraccionamiento
31,Yucatán,50,Mérida,Mérida,Urbano,97138,"Los Pinos",Ampliación
31,Yucatán,50,Mérida,Mérida,Urbano,97138,"Pinos Norte II",Fraccionamiento
31,Yucatán,50,Mérida,Mérida,Urbano,97138,"Residencial Bancarios",Fraccionamiento
31,Yucatán,50,Mérida,Mérida,Urbano,97138,"Residencial Del Arco",Fraccionamiento
31,Yucatán,50,Mérida,Mérida,Urbano,97138,"San Pedro Cholul",Colonia
31,Yucatán,50,Mérida,Mérida,Urbano,97138,"Santa Maria",Colonia
31,Yucatán,50,Mérida,Mérida,Urbano,97138,"Vista Alegre Lotificacion",Colonia
31,Yucatán,50,Mérida,Mérida,Urbano,97139,"Jardines Del Norte",Fraccionamiento
31,Yucatán,50,Mérida,Mérida,Urbano,97139,"Mail Express","Gran usuario"
31,Yucatán,50,Mérida,Mérida,Urbano,97139,"Prado Norte",Fraccionamiento
31,Yucatán,50,Mérida,Mérida,Urbano,97139,"San Antonio Cinta",Fraccionamiento
31,Yucatán,50,Mérida,Mérida,Urbano,97139,"San Antonio Cinta II",Fraccionamiento
31,Yucatán,50,Mérida,Mérida,Urbano,97139,"San Antonio Cinta III",Fraccionamiento
31,Yucatán,50,Mérida,Mérida,Urbano,97140,"Lopez Mateos",Colonia
31,Yucatán,50,Mérida,Mérida,Urbano,97140,"San Luis",Fraccionamiento
31,Yucatán,50,Mérida,Mérida,Urbano,97140,"San Luis",Colonia
31,Yucatán,50,Mérida,Mérida,Urbano,97140,"San Miguel",Fraccionamiento
31,Yucatán,50,Mérida,Mérida,Urbano,97142,"Antonia Jimenez Trava",Fraccionamiento
31,Yucatán,50,Mérida,Mérida,Urbano,97142,"Antonia Jimenez Trava II",Fraccionamiento
31,Yucatán,50,Mérida,Mérida,Urbano,97142,"Polígono CTM",Fraccionamiento
31,Yucatán,50,Mérida,Mérida,Urbano,97142,"San Vicente Oriente",Fraccionamiento
31,Yucatán,50,Mérida,Mérida,Urbano,97142,"Unidad Habitacional CTM",Fraccionamiento
31,Yucatán,50,Mérida,Mérida,Urbano,97143,"Boulevares de Oriente",Fraccionamiento
31,Yucatán,50,Mérida,Mérida,Urbano,97143,"Brisas Del Bosque",Colonia
31,Yucatán,50,Mérida,Mérida,Urbano,97143,"Bulevares de Oriente",Fraccionamiento
31,Yucatán,50,Mérida,Mérida,Urbano,97143,"Confederación de Trabajadores Del Estado de Yucatán",Colonia
31,Yucatán,50,Mérida,Mérida,Urbano,97143,"Itzimna 108",Fraccionamiento
31,Yucatán,50,Mérida,Mérida,Urbano,97143,"La Isla",Fraccionamiento
31,Yucatán,50,Mérida,Mérida,Urbano,97143,"Leandro Valle",Colonia
31,Yucatán,50,Mérida,Mérida,Urbano,97143,"Luis Donaldo Colosio",Colonia
31,Yucatán,50,Mérida,Mérida,Urbano,97143,"Polígono 108",Fraccionamiento
31,Yucatán,50,Mérida,Mérida,Urbano,97143,"San Vicente",Colonia
31,Yucatán,50,Mérida,Mérida,Urbano,97143,"Vicente Guerrero",Colonia
31,Yucatán,50,Mérida,Mérida,Urbano,97144,"Ampliación las Brisas",Fraccionamiento
31,Yucatán,50,Mérida,Mérida,Urbano,97144,"Emiliano Zapata Ote",Colonia
31,Yucatán,50,Mérida,Mérida,Urbano,97144,"Las Brisas",Fraccionamiento
31,Yucatán,50,Mérida,Mérida,Urbano,97144,"Las Brisas Del Norte",Fraccionamiento
31,Yucatán,50,Mérida,Mérida,Urbano,97145,"Las Palmas",Fraccionamiento
31,Yucatán,50,Mérida,Mérida,Urbano,97145,"Los Álamos Alemán",Fraccionamiento
31,Yucatán,50,Mérida,Mérida,Urbano,97145,"Noria II",Fraccionamiento
31,Yucatán,50,Mérida,Mérida,Urbano,97145,"Nueva Alemán",Fraccionamiento
31,Yucatán,50,Mérida,Mérida,Urbano,97145,"Nueva Alemán Etapa III Pet-kanche",Fraccionamiento
31,Yucatán,50,Mérida,Mérida,Urbano,97145,Pet-kanche,Colonia
31,Yucatán,50,Mérida,Mérida,Urbano,97145,Petkanche,Fraccionamiento
31,Yucatán,50,Mérida,Mérida,Urbano,97145,"San Juan Grande",Colonia
31,Yucatán,50,Mérida,Mérida,Urbano,97146,"Las Flores",Fraccionamiento
31,Yucatán,50,Mérida,Mérida,Urbano,97146,"Nueva Alemán",Colonia
31,Yucatán,50,Mérida,Mérida,Urbano,97147,"Nuevo Yucatán",Fraccionamiento
31,Yucatán,50,Mérida,Mérida,Urbano,97147,"San Nicolás",Colonia
31,Yucatán,50,Mérida,Mérida,Urbano,97147,"San Nicolás Del Norte",Fraccionamiento
31,Yucatán,50,Mérida,Mérida,Urbano,97148,"Miguel Alemán",Colonia
31,Yucatán,50,Mérida,Mérida,Urbano,97149,"San Esteban",Colonia
31,Yucatán,50,Mérida,Mérida,Urbano,97149,"San Esteban",Ampliación
31,Yucatán,50,Mérida,Mérida,Urbano,97150,Industrial,Colonia
31,Yucatán,50,Mérida,Mérida,Urbano,97150,"Trava Quintero",Colonia
31,Yucatán,50,Mérida,Mérida,Urbano,97155,Fenix,Colonia
31,Yucatán,50,Mérida,Mérida,Urbano,97155,"Lourdes Industrial",Colonia
31,Yucatán,50,Mérida,Mérida,Urbano,97155,"Villa Fontana",Fraccionamiento
31,Yucatán,50,Mérida,Mérida,Urbano,97156,"Los Reyes",Fraccionamiento
31,Yucatán,50,Mérida,Mérida,Urbano,97157,"Lázaro Cárdenas Ote",Colonia
31,Yucatán,50,Mérida,Mérida,Urbano,97157,"Nueva Mayapan",Colonia
31,Yucatán,50,Mérida,Mérida,Urbano,97158,Chuminopolis,Colonia
31,Yucatán,50,Mérida,Mérida,Urbano,97159,"Lotificacion las Brisas",Fraccionamiento
31,Yucatán,50,Mérida,Mérida,Urbano,97159,"Manuel Avila Camacho",Colonia
31,Yucatán,50,Mérida,Mérida,Urbano,97159,"Máximo Ancona",Colonia
31,Yucatán,50,Mérida,Mérida,Urbano,97159,Mayapan,Colonia
31,Yucatán,50,Mérida,Mérida,Urbano,97159,"Nueva Mayapan",Colonia
31,Yucatán,50,Mérida,Mérida,Urbano,97159,"Nueva Pacabtun",Colonia
31,Yucatán,50,Mérida,Mérida,Urbano,97160,"Del Parque",Fraccionamiento
31,Yucatán,50,Mérida,Mérida,Urbano,97160,"Manuel Avila Camacho",Fraccionamiento
31,Yucatán,50,Mérida,Mérida,Urbano,97160,Pacabtun,Colonia
31,Yucatán,50,Mérida,Mérida,Urbano,97160,"Privada Del Autotransporte CTM",Colonia
31,Yucatán,50,Mérida,Mérida,Rural,97165,"Melchor Ocampo",Colonia
31,Yucatán,50,Mérida,Mérida,Urbano,97165,"Melchor Ocampo II",Colonia
31,Yucatán,50,Mérida,Mérida,Urbano,97166,"Fidel Velázquez",Fraccionamiento
31,Yucatán,50,Mérida,Mérida,Urbano,97166,"Fidel Velázquez 2a Etapa",Fraccionamiento
31,Yucatán,50,Mérida,Mérida,Urbano,97166,"Salvador Alvarado Oriente",Colonia
31,Yucatán,50,Mérida,Mérida,Urbano,97167,"Bosques de Oriente",Fraccionamiento
31,Yucatán,50,Mérida,Mérida,Urbano,97167,"Emilio Portes Gil",Fraccionamiento
31,Yucatán,50,Mérida,Mérida,Urbano,97167,"Privada Emilio Portes Gil",Fraccionamiento
31,Yucatán,50,Mérida,Mérida,Urbano,97168,Cerillera,Fraccionamiento
31,Yucatán,50,Mérida,Mérida,Urbano,97168,"Cortes Sarmiento",Colonia
31,Yucatán,50,Mérida,Mérida,Urbano,97168,"Del Carmen",Colonia
31,Yucatán,50,Mérida,Mérida,Urbano,97168,"Jardines de Miraflores",Colonia
31,Yucatán,50,Mérida,Mérida,Urbano,97168,Madrid,Fraccionamiento
31,Yucatán,50,Mérida,Mérida,Urbano,97169,Esperanza,Colonia
31,Yucatán,50,Mérida,Mérida,Urbano,97169,Wallis,Fraccionamiento
31,Yucatán,50,Mérida,Mérida,Urbano,97170,Chichen-itza,Colonia
31,Yucatán,50,Mérida,Mérida,Urbano,97170,"Nueva Chichen-itza",Colonia
31,Yucatán,50,Mérida,Mérida,Urbano,97173,"Misne III",Fraccionamiento
31,Yucatán,50,Mérida,Mérida,Urbano,97173,"Real San José",Fraccionamiento
31,Yucatán,50,Mérida,Mérida,Urbano,97173,"San Jose Vergel",Colonia
31,Yucatán,50,Mérida,Mérida,Urbano,97173,"Vergel I",Fraccionamiento
31,Yucatán,50,Mérida,Mérida,Urbano,97173,"Vergel II",Fraccionamiento
31,Yucatán,50,Mérida,Mérida,Urbano,97173,"Vergel III",Fraccionamiento
31,Yucatán,50,Mérida,Mérida,Urbano,97173,"Vergel IV",Fraccionamiento
31,Yucatán,50,Mérida,Mérida,Urbano,97174,"Azcorra II",Colonia
31,Yucatán,50,Mérida,Mérida,Urbano,97174,"Morelos Oriente",Colonia
31,Yucatán,50,Mérida,Mérida,Urbano,97174,"Villas La Macarena",Fraccionamiento
31,Yucatán,50,Mérida,Mérida,Urbano,97175,"Amalia Solorzano",Colonia
31,Yucatán,50,Mérida,Mérida,Urbano,97176,Aquaparque,Fraccionamiento
31,Yucatán,50,Mérida,Mérida,Urbano,97176,"Hacienda el Vergel",Fraccionamiento
31,Yucatán,50,Mérida,Mérida,Urbano,97176,"Misné II",Fraccionamiento
31,Yucatán,50,Mérida,Mérida,Urbano,97176,"Paseos Del Vergel",Colonia
31,Yucatán,50,Mérida,Mérida,Urbano,97176,"San Antonio Kaua",Fraccionamiento
31,Yucatán,50,Mérida,Mérida,Urbano,97176,"San Pablo Oriente",Colonia
31,Yucatán,50,Mérida,Mérida,Urbano,97176,"Unidad Habitacional Ricardo Flores Magón",Fraccionamiento
31,Yucatán,50,Mérida,Mérida,Urbano,97176,"Vergel 65",Fraccionamiento
31,Yucatán,50,Mérida,Mérida,Urbano,97177,Azcorra,Colonia
31,Yucatán,50,Mérida,Mérida,Urbano,97178,"Benito Juárez Ote",Fraccionamiento
31,Yucatán,50,Mérida,Mérida,Urbano,97179,Miraflores,Colonia
31,Yucatán,50,Mérida,Mérida,Urbano,97179,"Privada Miraflores",Colonia
31,Yucatán,50,Mérida,Mérida,Urbano,97180,"Vicente Solis",Colonia
31,Yucatán,50,Mérida,Mérida,Urbano,97189,Canto,Colonia
31,Yucatán,50,Mérida,Mérida,Urbano,97189,"San Jose",Colonia
31,Yucatán,50,Mérida,Mérida,Urbano,97190,Morelos,Fraccionamiento
31,Yucatán,50,Mérida,Mérida,Urbano,97190,"Morelos Issste Fovissste",Fraccionamiento
31,Yucatán,50,Mérida,Mérida,Urbano,97195,"Jardines de San Antonio Kaua",Fraccionamiento
31,Yucatán,50,Mérida,Mérida,Urbano,97195,"Miraflores II",Colonia
31,Yucatán,50,Mérida,Mérida,Urbano,97195,"Nueva Kukulkan",Colonia
31,Yucatán,50,Mérida,Mérida,Urbano,97195,"San Antonio Kaua",Colonia
31,Yucatán,50,Mérida,Mérida,Urbano,97195,"San Antonio Kaua I",Fraccionamiento
31,Yucatán,50,Mérida,Mérida,Urbano,97195,"San Antonio Kaua II",Fraccionamiento
31,Yucatán,50,Mérida,Mérida,Urbano,97196,"Ampliación Salvador Alvarado Sur",Colonia
31,Yucatán,50,Mérida,Mérida,Urbano,97196,Militar,"Unidad habitacional"
31,Yucatán,50,Mérida,Mérida,Urbano,97196,"Salvador Alvarado Sur",Colonia
31,Yucatán,50,Mérida,Mérida,Urbano,97196,"Salvador Alvarado Sur II",Colonia
31,Yucatán,50,Mérida,Mérida,Urbano,97196,"San Antonio Del Sur",Fraccionamiento
31,Yucatán,50,Mérida,Mérida,Urbano,97197,Granjas,Fraccionamiento
31,Yucatán,50,Mérida,Mérida,Urbano,97198,"Ampliación Granjas",Colonia
31,Yucatán,50,Mérida,Mérida,Urbano,97198,Kukulcan,Fraccionamiento
31,Yucatán,50,Mérida,Mérida,Urbano,97198,"Reparto Granjas",Fraccionamiento
31,Yucatán,50,Mérida,Mérida,Urbano,97199,"Maria Luisa",Colonia
31,Yucatán,50,Mérida,Mérida,Urbano,97203,Almendros,Colonia
31,Yucatán,50,Mérida,Mérida,Urbano,97203,"Ampliación Francisco de Montejo",Fraccionamiento
31,Yucatán,50,Mérida,Mérida,Urbano,97203,"Arboledas Chuburna",Colonia
31,Yucatán,50,Mérida,Mérida,Urbano,97203,"Arcos del Sol",Fraccionamiento
31,Yucatán,50,Mérida,Mérida,Urbano,97203,Arekas,Fraccionamiento
31,Yucatán,50,Mérida,Mérida,Urbano,97203,"Aurea Residencial",Fraccionamiento
31,Yucatán,50,Mérida,Mérida,Urbano,97203,"Brisas de Chuburna",Fraccionamiento
31,Yucatán,50,Mérida,Mérida,Urbano,97203,"Camara de La Construcción",Fraccionamiento
31,Yucatán,50,Mérida,Mérida,Urbano,97203,"Chuburna de Hidalgo III",Colonia
31,Yucatán,50,Mérida,Mérida,Urbano,97203,"Chuburna de Hidalgo IV",Colonia
31,Yucatán,50,Mérida,Mérida,Urbano,97203,"Chuburna de Hidalgo V",Colonia
31,Yucatán,50,Mérida,Mérida,Urbano,97203,Cocoteros,Fraccionamiento
31,Yucatán,50,Mérida,Mérida,Urbano,97203,"Cordeleros de Chuburna",Fraccionamiento
31,Yucatán,50,Mérida,Mérida,Urbano,97203,"Del Bosque",Fraccionamiento
31,Yucatán,50,Mérida,Mérida,Urbano,97203,"El Conquistador",Fraccionamiento
31,Yucatán,50,Mérida,Mérida,Urbano,97203,"El Prado",Fraccionamiento
31,Yucatán,50,Mérida,Mérida,Urbano,97203,"Francisco de Montejo",Fraccionamiento
31,Yucatán,50,Mérida,Mérida,Urbano,97203,"Francisco de Montejo II",Fraccionamiento
31,Yucatán,50,Mérida,Mérida,Urbano,97203,"Francisco de Montejo III",Fraccionamiento
31,Yucatán,50,Mérida,Mérida,Urbano,97203,"Francisco de Montejo IV",Fraccionamiento
31,Yucatán,50,Mérida,Mérida,Urbano,97203,"Francisco de Montejo V",Fraccionamiento
31,Yucatán,50,Mérida,Mérida,Semiurbano,97203,"Industrias No Contaminantes",Colonia
31,Yucatán,50,Mérida,Mérida,Urbano,97203,"La Castellana",Fraccionamiento
31,Yucatán,50,Mérida,Mérida,Urbano,97203,"Las Haciendas III",Residencial
31,Yucatán,50,Mérida,Mérida,Urbano,97203,"Lotificacion Chuburna de Hidalgo I",Colonia
31,Yucatán,50,Mérida,Mérida,Urbano,97203,"Lotificacion Chuburna de Hidalgo II",Colonia
31,Yucatán,50,Mérida,Mérida,Urbano,97203,Magnolias,Fraccionamiento
31,Yucatán,50,Mérida,Mérida,Urbano,97203,Mérida,Colonia
31,Yucatán,50,Mérida,Mérida,Urbano,97203,"Nueva San Jose Chuburna",Colonia
31,Yucatán,50,Mérida,Mérida,Urbano,97203,"Nuevo San José",Fraccionamiento
31,Yucatán,50,Mérida,Mérida,Urbano,97203,Platino,Fraccionamiento
31,Yucatán,50,Mérida,Mérida,Urbano,97203,"Privada Chuburna de Hidalgo (II)",Colonia
31,Yucatán,50,Mérida,Mérida,Urbano,97203,"Privada Chuburna Plus",Colonia
31,Yucatán,50,Mérida,Mérida,Urbano,97203,"Privada las Palmas",Colonia
31,Yucatán,50,Mérida,Mérida,Urbano,97203,"Privada Palma Corozal",Fraccionamiento
31,Yucatán,50,Mérida,Mérida,Urbano,97203,"Privada Villa Palma Real",Fraccionamiento
31,Yucatán,50,Mérida,Mérida,Urbano,97203,"Puesta del Sol",Fraccionamiento
31,Yucatán,50,Mérida,Mérida,Urbano,97203,"Rincón Colonial",Colonia
31,Yucatán,50,Mérida,Mérida,Urbano,97203,"San Francisco Chuburna II",Fraccionamiento
31,Yucatán,50,Mérida,Mérida,Urbano,97203,"San Pablo",Colonia
31,Yucatán,50,Mérida,Mérida,Urbano,97203,"San Pedro Uxmal",Colonia
31,Yucatán,50,Mérida,Mérida,Urbano,97203,Terranova,Fraccionamiento
31,Yucatán,50,Mérida,Mérida,Urbano,97203,"Tulias de Chuburna",Fraccionamiento
31,Yucatán,50,Mérida,Mérida,Urbano,97203,"Villas Del Prado",Fraccionamiento
31,Yucatán,50,Mérida,Mérida,Urbano,97203,"Villas las Palmas",Fraccionamiento
31,Yucatán,50,Mérida,Mérida,Urbano,97203,"Vista Alegre de Chuburna",Fraccionamiento
31,Yucatán,50,Mérida,Mérida,Urbano,97204,"Residencial Galerias",Residencial
31,Yucatán,50,Mérida,Mérida,Urbano,97204,"Residencial Piedrasul",Fraccionamiento
31,Yucatán,50,Mérida,Mérida,Urbano,97204,Revolución,Colonia
31,Yucatán,50,Mérida,Mérida,Urbano,97204,"Vía Montejo",Fraccionamiento
31,Yucatán,50,Mérida,Mérida,Urbano,97204,Xcumpich,Colonia
31,Yucatán,50,Mérida,Mérida,Urbano,97205,"Boulevares de Chuburna",Fraccionamiento
31,Yucatán,50,Mérida,Mérida,Urbano,97205,Bugambilias,Fraccionamiento
31,Yucatán,50,Mérida,Mérida,Urbano,97205,"Chuburna de Hidalgo",Colonia
31,Yucatán,50,Mérida,Mérida,Urbano,97205,"Chuburna Inn",Fraccionamiento
31,Yucatán,50,Mérida,Mérida,Urbano,97205,"El Campanario",Fraccionamiento
31,Yucatán,50,Mérida,Mérida,Urbano,97205,"El Cortijo I",Fraccionamiento
31,Yucatán,50,Mérida,Mérida,Urbano,97205,"El Cortijo II",Fraccionamiento
31,Yucatán,50,Mérida,Mérida,Urbano,97205,Floresta,Fraccionamiento
31,Yucatán,50,Mérida,Mérida,Urbano,97205,"Juan B Sosa",Colonia
31,Yucatán,50,Mérida,Mérida,Urbano,97205,"Las Hadas",Fraccionamiento
31,Yucatán,50,Mérida,Mérida,Urbano,97205,"Loma Bonita",Fraccionamiento
31,Yucatán,50,Mérida,Mérida,Urbano,97205,"Loma Bonita Xcumpich",Fraccionamiento
31,Yucatán,50,Mérida,Mérida,Urbano,97205,"Paseo de Montejo",Colonia
31,Yucatán,50,Mérida,Mérida,Urbano,97205,Pinzon,Colonia
31,Yucatán,50,Mérida,Mérida,Urbano,97205,"Privada Arboledas",Colonia
31,Yucatán,50,Mérida,Mérida,Urbano,97205,"Privada Campestre Chuburna",Colonia
31,Yucatán,50,Mérida,Mérida,Urbano,97205,"Privada Chuburna de Hidalgo I",Colonia
31,Yucatán,50,Mérida,Mérida,Urbano,97205,"Privada Cortijo",Fraccionamiento
31,Yucatán,50,Mérida,Mérida,Urbano,97205,"Privada las Flores",Fraccionamiento
31,Yucatán,50,Mérida,Mérida,Urbano,97205,"Privada Pedregal II",Fraccionamiento
31,Yucatán,50,Mérida,Mérida,Urbano,97205,"Privada Turquesa",Fraccionamiento
31,Yucatán,50,Mérida,Mérida,Urbano,97205,"Residencial Hacienda Real",Fraccionamiento
31,Yucatán,50,Mérida,Mérida,Urbano,97205,"San Ángel",Fraccionamiento
31,Yucatán,50,Mérida,Mérida,Urbano,97205,"San Luis Chuburna",Colonia
31,Yucatán,50,Mérida,Mérida,Urbano,97205,Tabachines,Fraccionamiento
31,Yucatán,50,Mérida,Mérida,Urbano,97205,"Villa Carmencita",Fraccionamiento
31,Yucatán,50,Mérida,Mérida,Urbano,97206,"El Rosario",Fraccionamiento
31,Yucatán,50,Mérida,Mérida,Urbano,97206,"Las Dalias",Colonia
31,Yucatán,50,Mérida,Mérida,Urbano,97206,"Las Dalias II y III",Fraccionamiento
31,Yucatán,50,Mérida,Mérida,Urbano,97206,"Lotificacion San Vicente Chuburna",Colonia
31,Yucatán,50,Mérida,Mérida,Urbano,97206,"Mérida (Elefante Grande)",Colonia
31,Yucatán,50,Mérida,Mérida,Urbano,97206,Paraíso,Fraccionamiento
31,Yucatán,50,Mérida,Mérida,Urbano,97206,"Privada Cipreses",Fraccionamiento
31,Yucatán,50,Mérida,Mérida,Urbano,97206,"Privada La Hacienda",Colonia
31,Yucatán,50,Mérida,Mérida,Urbano,97206,"Privada San Ángel Chuburna",Colonia
31,Yucatán,50,Mérida,Mérida,Urbano,97206,"Privada San Jose",Fraccionamiento
31,Yucatán,50,Mérida,Mérida,Urbano,97206,"Residencial La Noria",Fraccionamiento
31,Yucatán,50,Mérida,Mérida,Urbano,97206,"Residencial Turquesa",Fraccionamiento
31,Yucatán,50,Mérida,Mérida,Urbano,97206,"San Francisco Chuburna",Colonia
31,Yucatán,50,Mérida,Mérida,Urbano,97206,"San Francisco I",Fraccionamiento
31,Yucatán,50,Mérida,Mérida,Urbano,97206,"San Jose I",Fraccionamiento
31,Yucatán,50,Mérida,Mérida,Urbano,97206,"San Jose II",Fraccionamiento
31,Yucatán,50,Mérida,Mérida,Urbano,97206,"San Vicente Chuburna",Colonia
31,Yucatán,50,Mérida,Mérida,Urbano,97206,"Villas Chuburna IV",Fraccionamiento
31,Yucatán,50,Mérida,Mérida,Urbano,97206,Yaxche,Fraccionamiento
31,Yucatán,50,Mérida,Mérida,Urbano,97207,"Callejones de Chuburna",Colonia
31,Yucatán,50,Mérida,Mérida,Urbano,97207,"Villas de Chuburna",Fraccionamiento
31,Yucatán,50,Mérida,Mérida,Urbano,97208,"60 Norte",Fraccionamiento
31,Yucatán,50,Mérida,Mérida,Urbano,97208,"Chuburna de Hidalgo",Fraccionamiento
31,Yucatán,50,Mérida,Mérida,Urbano,97208,"El Cedral",Fraccionamiento
31,Yucatán,50,Mérida,Mérida,Urbano,97208,"Felipe Carrillo Puerto",Colonia
31,Yucatán,50,Mérida,Mérida,Urbano,97208,Malaga,Fraccionamiento
31,Yucatán,50,Mérida,Mérida,Urbano,97208,Malaga,Colonia
31,Yucatán,50,Mérida,Mérida,Urbano,97208,"Privada Chuburna de Hidalgo",Fraccionamiento
31,Yucatán,50,Mérida,Mérida,Urbano,97208,"Resid. Las Quintas (Chuburna)",Colonia
31,Yucatán,50,Mérida,Mérida,Urbano,97208,"Residencial Atlantis",Fraccionamiento
31,Yucatán,50,Mérida,Mérida,Urbano,97208,"Rinconada de Chuburna",Fraccionamiento
31,Yucatán,50,Mérida,Mérida,Urbano,97209,"Jardines de Chuburna",Fraccionamiento
31,Yucatán,50,Mérida,Mérida,Urbano,97209,"Privada San Jorge (Chuburna)",Colonia
31,Yucatán,50,Mérida,Mérida,Urbano,97210,"Joaquín Ceballos Mimenza",Fraccionamiento
31,Yucatán,50,Mérida,Mérida,Urbano,97210,"Pedregales de Tanlum",Fraccionamiento
31,Yucatán,50,Mérida,Mérida,Urbano,97210,Tanlum,Colonia
31,Yucatán,50,Mérida,Mérida,Urbano,97215,"Águilas Chuburna",Fraccionamiento
31,Yucatán,50,Mérida,Mérida,Urbano,97215,"Colonial Buenavista",Fraccionamiento
31,Yucatán,50,Mérida,Mérida,Urbano,97215,"Colonial Chuburna",Fraccionamiento
31,Yucatán,50,Mérida,Mérida,Urbano,97217,Fovissste,"Unidad habitacional"
31,Yucatán,50,Mérida,Mérida,Urbano,97217,"Francisco El Porvenir",Colonia
31,Yucatán,50,Mérida,Mérida,Urbano,97217,"Pensiones Norte",Fraccionamiento
31,Yucatán,50,Mérida,Mérida,Urbano,97217,"Residencial Pensiones I y II",Fraccionamiento
31,Yucatán,50,Mérida,Mérida,Urbano,97217,"Residencial Pensiones III",Fraccionamiento
31,Yucatán,50,Mérida,Mérida,Urbano,97217,"Residencial Pensiones III (1)",Fraccionamiento
31,Yucatán,50,Mérida,Mérida,Urbano,97217,"Residencial Pensiones III (II)",Fraccionamiento
31,Yucatán,50,Mérida,Mérida,Urbano,97217,"Residencial Pensiones IV",Fraccionamiento
31,Yucatán,50,Mérida,Mérida,Urbano,97217,"Residencial Pensiones V",Fraccionamiento
31,Yucatán,50,Mérida,Mérida,Urbano,97217,"Residencial Pensiones VI",Fraccionamiento
31,Yucatán,50,Mérida,Mérida,Urbano,97218,"Conjunto los Naranjos",Fraccionamiento
31,Yucatán,50,Mérida,Mérida,Urbano,97218,"Lotificacion San Damián",Colonia
31,Yucatán,50,Mérida,Mérida,Urbano,97218,"Privada San Damián",Colonia
31,Yucatán,50,Mérida,Mérida,Urbano,97218,"Residencial Roma",Fraccionamiento
31,Yucatán,50,Mérida,Mérida,Urbano,97218,Roma,Colonia
31,Yucatán,50,Mérida,Mérida,Urbano,97218,"San Damián",Colonia
31,Yucatán,50,Mérida,Mérida,Urbano,97218,"San Isidro",Colonia
31,Yucatán,50,Mérida,Mérida,Urbano,97219,Amapola,Colonia
31,Yucatán,50,Mérida,Mérida,Urbano,97219,"Ampliación Lindavista (Elefante Chico)",Fraccionamiento
31,Yucatán,50,Mérida,Mérida,Urbano,97219,"Ampliación Pedregales de Lindavista",Fraccionamiento
31,Yucatán,50,Mérida,Mérida,Urbano,97219,Chenku,Residencial
31,Yucatán,50,Mérida,Mérida,Urbano,97219,"Francisco Villa",Colonia
31,Yucatán,50,Mérida,Mérida,Urbano,97219,Hidráulica,Colonia
31,Yucatán,50,Mérida,Mérida,Urbano,97219,"Jardines de Lindavista",Fraccionamiento
31,Yucatán,50,Mérida,Mérida,Urbano,97219,"Jardines de Pensiones",Fraccionamiento
31,Yucatán,50,Mérida,Mérida,Urbano,97219,"Lázaro Cárdenas",Fraccionamiento
31,Yucatán,50,Mérida,Mérida,Urbano,97219,Limones,Fraccionamiento
31,Yucatán,50,Mérida,Mérida,Urbano,97219,Lindavista,Fraccionamiento
31,Yucatán,50,Mérida,Mérida,Urbano,97219,"Lindavista II",Fraccionamiento
31,Yucatán,50,Mérida,Mérida,Urbano,97219,"Lotificacion San Damiancito I",Fraccionamiento
31,Yucatán,50,Mérida,Mérida,Urbano,97219,"Lotificacion San Damiancito II",Fraccionamiento
31,Yucatán,50,Mérida,Mérida,Urbano,97219,"Paseos de Chenku",Fraccionamiento
31,Yucatán,50,Mérida,Mérida,Urbano,97219,"Paseos de Pensiones",Colonia
31,Yucatán,50,Mérida,Mérida,Urbano,97219,"Pedregal Lindavista",Fraccionamiento
31,Yucatán,50,Mérida,Mérida,Urbano,97219,Pensiones,Fraccionamiento
31,Yucatán,50,Mérida,Mérida,Urbano,97219,"Privada Pensiones",Fraccionamiento
31,Yucatán,50,Mérida,Mérida,Urbano,97219,"Quinta Versalles",Fraccionamiento
31,Yucatán,50,Mérida,Mérida,Urbano,97219,"Residencial Del Bosque Chenku",Fraccionamiento
31,Yucatán,50,Mérida,Mérida,Urbano,97219,"Residencial Del Norte",Fraccionamiento
31,Yucatán,50,Mérida,Mérida,Urbano,97219,"Residencial Pensiones VII",Colonia
31,Yucatán,50,Mérida,Mérida,Urbano,97219,"San Damiancito",Fraccionamiento
31,Yucatán,50,Mérida,Mérida,Urbano,97219,"Unidad Habitacional Mérida Issste",Fraccionamiento
31,Yucatán,50,Mérida,Mérida,Urbano,97220,Atlante,Fraccionamiento
31,Yucatán,50,Mérida,Mérida,Urbano,97220,Atlántida,Fraccionamiento
31,Yucatán,50,Mérida,Mérida,Urbano,97220,"La Vaca Feliz",Fraccionamiento
31,Yucatán,50,Mérida,Mérida,Urbano,97220,"Miguel Hidalgo",Colonia
31,Yucatán,50,Mérida,Mérida,Urbano,97220,"Nueva Hidalgo",Fraccionamiento
31,Yucatán,50,Mérida,Mérida,Urbano,97220,"Zona Dorada",Fraccionamiento
31,Yucatán,50,Mérida,Mérida,Urbano,97225,"Paseo de las Fuentes",Fraccionamiento
31,Yucatán,50,Mérida,Mérida,Urbano,97225,"Privada San Pedro",Fraccionamiento
31,Yucatán,50,Mérida,Mérida,Urbano,97226,"El Porvenir",Colonia
31,Yucatán,50,Mérida,Mérida,Urbano,97227,"Jacinto Canek",Fraccionamiento
31,Yucatán,50,Mérida,Mérida,Urbano,97227,"Las Vigas",Fraccionamiento
31,Yucatán,50,Mérida,Mérida,Urbano,97229,"15 de Mayo",Fraccionamiento
31,Yucatán,50,Mérida,Mérida,Urbano,97229,"Ampliación Roma (Luis Echeverría)",Colonia
31,Yucatán,50,Mérida,Mérida,Urbano,97229,"Hacienda Inn",Fraccionamiento
31,Yucatán,50,Mérida,Mérida,Urbano,97229,"Hacienda San Antonio",Fraccionamiento
31,Yucatán,50,Mérida,Mérida,Urbano,97229,"Luis Echeverría Alvarez",Colonia
31,Yucatán,50,Mérida,Mérida,Urbano,97229,"Villa Zona Dorada",Fraccionamiento
31,Yucatán,50,Mérida,Mérida,Urbano,97229,Xcom,Colonia
31,Yucatán,50,Mérida,Mérida,Urbano,97229,"Zona Dorada II",Fraccionamiento
31,Yucatán,50,Mérida,Mérida,Urbano,97230,"Armando Avila Gurrutia",Fraccionamiento
31,Yucatán,50,Mérida,Mérida,Urbano,97230,Bojorquez,Colonia
31,Yucatán,50,Mérida,Mérida,Urbano,97237,"Central de Abasto","Zona comercial"
31,Yucatán,50,Mérida,Mérida,Urbano,97238,"Brisas del Poniente (Yucalpeten)",Fraccionamiento
31,Yucatán,50,Mérida,Mérida,Urbano,97238,"Jardines de Yucalpeten",Fraccionamiento
31,Yucatán,50,Mérida,Mérida,Urbano,97238,"Nora Quintana",Fraccionamiento
31,Yucatán,50,Mérida,Mérida,Urbano,97238,"Residencial Casa Blanca",Residencial
31,Yucatán,50,Mérida,Mérida,Urbano,97238,"Villas de Yacalpeten",Fraccionamiento
31,Yucatán,50,Mérida,Mérida,Urbano,97238,Yucalpeten,Fraccionamiento
31,Yucatán,50,Mérida,Mérida,Urbano,97239,"Yucalpeten Secc Florida",Fraccionamiento
31,Yucatán,50,Mérida,Mérida,Urbano,97240,"Francisco I Madero",Colonia
31,Yucatán,50,Mérida,Mérida,Urbano,97245,"Lopez Portillo",Colonia
31,Yucatán,50,Mérida,Mérida,Urbano,97245,"Xoclan Canto",Colonia
31,Yucatán,50,Mérida,Mérida,Urbano,97245,"Xoclan Santos",Colonia
31,Yucatán,50,Mérida,Mérida,Urbano,97246,"Ampliación Juan Pablo II",Fraccionamiento
31,Yucatán,50,Mérida,Mérida,Urbano,97246,"Anexo Juan Pablo II",Fraccionamiento
31,Yucatán,50,Mérida,Mérida,Urbano,97246,"Angeles II",Fraccionamiento
31,Yucatán,50,Mérida,Mérida,Urbano,97246,"Bosques de Mulsay",Fraccionamiento
31,Yucatán,50,Mérida,Mérida,Urbano,97246,"Bosques de Yucalpeten",Colonia
31,Yucatán,50,Mérida,Mérida,Urbano,97246,"Bosques Del Poniente",Fraccionamiento
31,Yucatán,50,Mérida,Mérida,Urbano,97246,"Granja Fruticola Susula",Fraccionamiento
31,Yucatán,50,Mérida,Mérida,Urbano,97246,"Hacienda Mulsay",Fraccionamiento
31,Yucatán,50,Mérida,Mérida,Urbano,97246,"Jardines de Nueva Mulsay",Fraccionamiento
31,Yucatán,50,Mérida,Mérida,Urbano,97246,"Juan Pablo II",Fraccionamiento
31,Yucatán,50,Mérida,Mérida,Urbano,97246,"Juan Pablo II Cardenales",Fraccionamiento
31,Yucatán,50,Mérida,Mérida,Urbano,97246,"Juan Pablo II Secc. Mérida 2000",Fraccionamiento
31,Yucatán,50,Mérida,Mérida,Urbano,97246,"La Reja",Colonia
31,Yucatán,50,Mérida,Mérida,Urbano,97246,"Los Ángeles",Fraccionamiento
31,Yucatán,50,Mérida,Mérida,Urbano,97246,"México Poniente",Colonia
31,Yucatán,50,Mérida,Mérida,Urbano,97246,Mulsay,Fraccionamiento
31,Yucatán,50,Mérida,Mérida,Urbano,97246,"Mulsay de La Magdalena",Colonia
31,Yucatán,50,Mérida,Mérida,Urbano,97246,"Mulsay Polígono",Fraccionamiento
31,Yucatán,50,Mérida,Mérida,Urbano,97246,"Mulsay Solidaridad",Fraccionamiento
31,Yucatán,50,Mérida,Mérida,Urbano,97246,"Paseos de Opichen",Fraccionamiento
31,Yucatán,50,Mérida,Mérida,Urbano,97246,"San Jose Xoclan",Colonia
31,Yucatán,50,Mérida,Mérida,Urbano,97246,"Villas de Tixcacal",Fraccionamiento
31,Yucatán,50,Mérida,Mérida,Urbano,97246,Xoclan,Colonia
31,Yucatán,50,Mérida,Mérida,Urbano,97246,"Xoclan Carmelitas",Colonia
31,Yucatán,50,Mérida,Mérida,Urbano,97246,"Xoclan Rejas",Colonia
31,Yucatán,50,Mérida,Mérida,Urbano,97246,"Xoclan Xbech",Colonia
31,Yucatán,50,Mérida,Mérida,Urbano,97247,"San Cayetano",Colonia
31,Yucatán,50,Mérida,Mérida,Semiurbano,97247,"San Lorenzo",Fraccionamiento
31,Yucatán,50,Mérida,Mérida,Urbano,97249,"Ampliación Tixcacal Opichen",Ampliación
31,Yucatán,50,Mérida,Mérida,Urbano,97249,"Cinturón Verde",Fraccionamiento
31,Yucatán,50,Mérida,Mérida,Urbano,97249,"Diamante Paseos de Opichen",Fraccionamiento
31,Yucatán,50,Mérida,Mérida,Urbano,97249,"Girasoles de Opichen",Fraccionamiento
31,Yucatán,50,Mérida,Mérida,Urbano,97249,"Hacienda Opichen",Colonia
31,Yucatán,50,Mérida,Mérida,Urbano,97249,"Hacienda Opichen",Fraccionamiento
31,Yucatán,50,Mérida,Mérida,Urbano,97249,"Jardines de Nueva Mulsay II",Fraccionamiento
31,Yucatán,50,Mérida,Mérida,Urbano,97249,"Jardines de Nueva Mulsay III",Fraccionamiento
31,Yucatán,50,Mérida,Mérida,Urbano,97249,Mulsay,Colonia
31,Yucatán,50,Mérida,Mérida,Urbano,97249,"Núcleo Mulsay",Colonia
31,Yucatán,50,Mérida,Mérida,Urbano,97249,"Nueva Mulsay",Colonia
31,Yucatán,50,Mérida,Mérida,Urbano,97249,"Nueva Mulsay I",Colonia
31,Yucatán,50,Mérida,Mérida,Urbano,97249,"Nueva Reforma Agraria",Colonia
31,Yucatán,50,Mérida,Mérida,Urbano,97249,"Pedregales de Nueva Mulsay Etapa",Colonia
31,Yucatán,50,Mérida,Mérida,Urbano,97249,"Plantel México",Colonia
31,Yucatán,50,Mérida,Mérida,Urbano,97249,"Residencial Valparaiso",Fraccionamiento
31,Yucatán,50,Mérida,Mérida,Urbano,97249,"Tixcacal Opichen",Fraccionamiento
31,Yucatán,50,Mérida,Mérida,Urbano,97249,"Tulipanes Opichen",Fraccionamiento
31,Yucatán,50,Mérida,Mérida,Urbano,97249,"Villa Magna",Fraccionamiento
31,Yucatán,50,Mérida,Mérida,Urbano,97249,"Villa Magna II",Fraccionamiento
31,Yucatán,50,Mérida,Mérida,Urbano,97249,"Xoclan Susula",Colonia
31,Yucatán,50,Mérida,Mérida,Urbano,97249,"Xoclan Susula (El Convento)",Colonia
31,Yucatán,50,Mérida,Mérida,Urbano,97250,"Nueva Sambula",Colonia
31,Yucatán,50,Mérida,Mérida,Urbano,97250,Sambula,Colonia
31,Yucatán,50,Mérida,Mérida,Urbano,97255,Bicentenario,Fraccionamiento
31,Yucatán,50,Mérida,Mérida,Urbano,97255,"El Roble",Colonia
31,Yucatán,50,Mérida,Mérida,Urbano,97255,"Manuel Crescencio Rejon",Colonia
31,Yucatán,50,Mérida,Mérida,Urbano,97255,"Roble Agrícola III",Fraccionamiento
31,Yucatán,50,Mérida,Mérida,Urbano,97255,"Roble II",Colonia
31,Yucatán,50,Mérida,Mérida,Urbano,97255,"Santa Bárbara",Colonia
31,Yucatán,50,Mérida,Mérida,Urbano,97256,"Álvaro Torres",Fraccionamiento
31,Yucatán,50,Mérida,Mérida,Urbano,97256,"Graciano Ricalde",Fraccionamiento
31,Yucatán,50,Mérida,Mérida,Urbano,97256,"Industrial Bridec",Fraccionamiento
31,Yucatán,50,Mérida,Mérida,Urbano,97256,"Libertad II",Fraccionamiento
31,Yucatán,50,Mérida,Mérida,Urbano,97256,"Libertad III",Fraccionamiento
31,Yucatán,50,Mérida,Mérida,Urbano,97256,Lol-Be,Fraccionamiento
31,Yucatán,50,Mérida,Mérida,Urbano,97256,"Pino Suárez",Colonia
31,Yucatán,50,Mérida,Mérida,Urbano,97256,"Renacimiento I",Fraccionamiento
31,Yucatán,50,Mérida,Mérida,Urbano,97256,"Renacimiento II",Colonia
31,Yucatán,50,Mérida,Mérida,Urbano,97256,"Residencial Nicte",Fraccionamiento
31,Yucatán,50,Mérida,Mérida,Urbano,97256,"Villas Mérida",Fraccionamiento
31,Yucatán,50,Mérida,Mérida,Urbano,97258,"Salvador Alvarado",Fraccionamiento
31,Yucatán,50,Mérida,Mérida,Urbano,97259,Itzaez,Fraccionamiento
31,Yucatán,50,Mérida,Mérida,Urbano,97260,"Circuito Colonias","Conjunto habitaciona"
31,Yucatán,50,Mérida,Mérida,Urbano,97260,"Nueva Obrera",Fraccionamiento
31,Yucatán,50,Mérida,Mérida,Urbano,97260,Obrera,Colonia
31,Yucatán,50,Mérida,Mérida,Urbano,97260,"Villa de la Obrera II",Fraccionamiento
31,Yucatán,50,Mérida,Mérida,Urbano,97260,"Villa Moderna",Fraccionamiento
31,Yucatán,50,Mérida,Mérida,Urbano,97260,"Villas del Mayab",Fraccionamiento
31,Yucatán,50,Mérida,Mérida,Urbano,97267,"Manzana 115",Fraccionamiento
31,Yucatán,50,Mérida,Mérida,Urbano,97268,"Delio Moreno Canton",Colonia
31,Yucatán,50,Mérida,Mérida,Urbano,97268,"Quinta Valencia",Fraccionamiento
31,Yucatán,50,Mérida,Mérida,Urbano,97269,"Las Palmeras II",Fraccionamiento
31,Yucatán,50,Mérida,Mérida,Urbano,97269,"Meliton Salazar",Colonia
31,Yucatán,50,Mérida,Mérida,Urbano,97269,"Santa Maria de Guadalupe",Fraccionamiento
31,Yucatán,50,Mérida,Mérida,Urbano,97270,"Dolores Otero",Colonia
31,Yucatán,50,Mérida,Mérida,Urbano,97277,"Mercedes Barrera",Colonia
31,Yucatán,50,Mérida,Mérida,Urbano,97278,"Bosques Del Pedregal",Fraccionamiento
31,Yucatán,50,Mérida,Mérida,Urbano,97278,"Castilla Camara",Colonia
31,Yucatán,50,Mérida,Mérida,Urbano,97279,"Quinta Santa Rosa",Fraccionamiento
31,Yucatán,50,Mérida,Mérida,Urbano,97279,"Santa Rosa",Colonia
31,Yucatán,50,Mérida,Mérida,Urbano,97280,"5 Colonias",Colonia
31,Yucatán,50,Mérida,Mérida,Urbano,97280,"Santa Rita",Fraccionamiento
31,Yucatán,50,Mérida,Mérida,Urbano,97284,Lindavista,Fraccionamiento
31,Yucatán,50,Mérida,Mérida,Urbano,97284,"Lomas Del Sur",Fraccionamiento
31,Yucatán,50,Mérida,Mérida,Urbano,97285,"Álamos del Sur",Fraccionamiento
31,Yucatán,50,Mérida,Mérida,Urbano,97285,Bellavista,Fraccionamiento
31,Yucatán,50,Mérida,Mérida,Urbano,97285,"Jardines del Sur",Fraccionamiento
31,Yucatán,50,Mérida,Mérida,Urbano,97285,"Las Nubes",Fraccionamiento
31,Yucatán,50,Mérida,Mérida,Urbano,97285,"Lotificacion Serapio Rendón 1",Fraccionamiento
31,Yucatán,50,Mérida,Mérida,Urbano,97285,"Palmas del Sur",Fraccionamiento
31,Yucatán,50,Mérida,Mérida,Urbano,97285,"Plan de Ayala Sur",Colonia
31,Yucatán,50,Mérida,Mérida,Urbano,97285,"Plan de Ayala Sur III",Colonia
31,Yucatán,50,Mérida,Mérida,Urbano,97285,"San Carlos Del Sur",Colonia
31,Yucatán,50,Mérida,Mérida,Urbano,97285,"San Carlos Del Sur II",Fraccionamiento
31,Yucatán,50,Mérida,Mérida,Urbano,97285,"San José Tzal",Fraccionamiento
31,Yucatán,50,Mérida,Mérida,Urbano,97285,"Serapio Rendón",Fraccionamiento
31,Yucatán,50,Mérida,Mérida,Urbano,97285,"Serapio Rendón II",Fraccionamiento
31,Yucatán,50,Mérida,Mérida,Urbano,97285,"Serapio Rendón III",Fraccionamiento
31,Yucatán,50,Mérida,Mérida,Urbano,97285,"Villa Bonita",Fraccionamiento
31,Yucatán,50,Mérida,Mérida,Urbano,97285,"Villa Magna del Sur",Fraccionamiento
31,Yucatán,50,Mérida,Mérida,Urbano,97285,"Villas Del Sur",Fraccionamiento
31,Yucatán,50,Mérida,Mérida,Urbano,97286,"Las Brisas Del Sur",Fraccionamiento
31,Yucatán,50,Mérida,Mérida,Urbano,97287,"Del Sur",Fraccionamiento
31,Yucatán,50,Mérida,Mérida,Urbano,97288,"Ampliación Ciudad Industrial",Colonia
31,Yucatán,50,Mérida,Mérida,Urbano,97288,"Ciudad Industrial","Zona industrial"
31,Yucatán,50,Mérida,Mérida,Urbano,97289,"La Hacienda",Ampliación
31,Yucatán,50,Mérida,Mérida,Urbano,97289,"La Hacienda",Fraccionamiento
31,Yucatán,50,Mérida,Mérida,Urbano,97289,"San Nicolás Del Sur",Colonia
31,Yucatán,50,Mérida,Mérida,Urbano,97290,"La Guadalupana",Colonia
31,Yucatán,50,Mérida,Mérida,Urbano,97290,"Nueva San Jose Tecoh",Colonia
31,Yucatán,50,Mérida,Mérida,Urbano,97290,"San Antonio Xluch",Colonia
31,Yucatán,50,Mérida,Mérida,Urbano,97290,"San Antonio Xluch II",Colonia
31,Yucatán,50,Mérida,Mérida,Urbano,97290,"San Luis Sur",Fraccionamiento
31,Yucatán,50,Mérida,Mérida,Urbano,97295,"El Roble Agrícola",Colonia
31,Yucatán,50,Mérida,Mérida,Urbano,97295,"Mérida (Lic. Manuel Crescencio Rejon)",Aeropuerto
31,Yucatán,50,Mérida,Mérida,Urbano,97295,"San Marcos",Fraccionamiento
31,Yucatán,50,Mérida,Mérida,Urbano,97295,"Santa Cruz",Fraccionamiento
31,Yucatán,50,Mérida,Mérida,Urbano,97296,"San Marcos Nocoh",Colonia
31,Yucatán,50,Mérida,Mérida,Urbano,97296,"San Marcos Nocoh II",Colonia
31,Yucatán,50,Mérida,Mérida,Urbano,97297,"Emiliano Zapata Sur",Colonia
31,Yucatán,50,Mérida,Mérida,Urbano,97297,"Emiliano Zapata Sur II",Colonia
31,Yucatán,50,Mérida,Mérida,Urbano,97297,"Emiliano Zapata Sur III",Colonia
31,Yucatán,50,Mérida,Mérida,Urbano,97297,Metropolitana,Colonia
31,Yucatán,50,Mérida,Mérida,Urbano,97297,"San Antonio Xluch III",Colonia
31,Yucatán,50,Mérida,Mérida,Rural,97297,"San Luis Sur",Colonia
31,Yucatán,50,Mérida,Mérida,Urbano,97297,"Villas Quetzal",Fraccionamiento
31,Yucatán,50,Mérida,Mérida,Urbano,97298,"Brisas de San José",Fraccionamiento
31,Yucatán,50,Mérida,Mérida,Urbano,97298,"Privada Zuzil - Ha",Colonia
31,Yucatán,50,Mérida,Mérida,Urbano,97298,"San Jose Tecoh Sur",Colonia
31,Yucatán,50,Mérida,Mérida,Urbano,97298,Zacilha,Fraccionamiento
31,Yucatán,50,Mérida,Mérida,Urbano,97298,"Zazil - Ha II",Fraccionamiento
31,Yucatán,50,Mérida,Mérida,Urbano,97299,"San Antonio Tecoh",Colonia
31,Yucatán,50,Mérida,Mérida,Urbano,97299,"San Jose Tecoh",Colonia
31,Yucatán,50,Mérida,NULL,Rural,97300,"Ejido de Chuburna",Ejido
31,Yucatán,50,Mérida,NULL,Rural,97302,Chablekal,Pueblo
31,Yucatán,50,Mérida,NULL,Rural,97302,"Club de Golf La Ceiba",Colonia
31,Yucatán,50,Mérida,NULL,Rural,97302,Dzidzilché,Hacienda
31,Yucatán,50,Mérida,NULL,Urbano,97302,Dzityá,Pueblo
31,Yucatán,50,Mérida,NULL,Urbano,97302,Komchén,Pueblo
31,Yucatán,50,Mérida,NULL,Urbano,97302,"Las Américas",Fraccionamiento
31,Yucatán,50,Mérida,NULL,Urbano,97302,"Las Américas II",Fraccionamiento
31,Yucatán,50,Mérida,NULL,Rural,97302,"Las Fincas",Fraccionamiento
31,Yucatán,50,Mérida,NULL,Urbano,97302,"Los Tamarindos",Colonia
31,Yucatán,50,Mérida,NULL,Urbano,97302,"Núcleo Sodzil",Colonia
31,Yucatán,50,Mérida,NULL,Urbano,97302,Palmequén,Fraccionamiento
31,Yucatán,50,Mérida,NULL,Urbano,97302,"Piedra Antigua",Fraccionamiento
31,Yucatán,50,Mérida,NULL,Urbano,97302,"Real Montejo",Fraccionamiento
31,Yucatán,50,Mérida,NULL,Rural,97302,"Residencial del Mayab",Fraccionamiento
31,Yucatán,50,Mérida,NULL,Urbano,97302,"Residencial La Alborada",Fraccionamiento
31,Yucatán,50,Mérida,NULL,Urbano,97302,"Residencial Xcanatún",Fraccionamiento
31,Yucatán,50,Mérida,NULL,Urbano,97302,"Royal del Parque",Fraccionamiento
31,Yucatán,50,Mérida,NULL,Urbano,97302,Sac-Nicté,Pueblo
31,Yucatán,50,Mérida,NULL,Urbano,97302,"San Antonio Residencial",Fraccionamiento
31,Yucatán,50,Mérida,NULL,Urbano,97302,"Sierra Papacal",Pueblo
31,Yucatán,50,Mérida,NULL,Urbano,97302,"Temozon Norte",Pueblo
31,Yucatán,50,Mérida,NULL,Urbano,97302,Xcanatún,Hacienda
31,Yucatán,50,Mérida,NULL,Urbano,97302,Xotik,Fraccionamiento
31,Yucatán,50,Mérida,NULL,Rural,97303,Cheumán,Pueblo
31,Yucatán,50,Mérida,NULL,Rural,97303,Cosgaya,Hacienda
31,Yucatán,50,Mérida,NULL,Rural,97303,Kikteil,Pueblo
31,Yucatán,50,Mérida,NULL,Rural,97303,"Noc Ac",Pueblo
31,Yucatán,50,Mérida,NULL,Rural,97304,Tamanché,Pueblo
31,Yucatán,50,Mérida,NULL,Rural,97304,Xcunyá,Hacienda
31,Yucatán,50,Mérida,NULL,Semiurbano,97305,"Algarrobos Desarrollo Residencial",Fraccionamiento
31,Yucatán,50,Mérida,NULL,Urbano,97305,Altavista,Fraccionamiento
31,Yucatán,50,Mérida,NULL,Urbano,97305,Bogdan,Fraccionamiento
31,Yucatán,50,Mérida,NULL,Urbano,97305,Cholul,Fraccionamiento
31,Yucatán,50,Mérida,NULL,Rural,97305,Cholul,Pueblo
31,Yucatán,50,Mérida,NULL,Semiurbano,97305,Cocoyoles,Fraccionamiento
31,Yucatán,50,Mérida,NULL,Rural,97305,Dzibilchaltún,Pueblo
31,Yucatán,50,Mérida,NULL,Urbano,97305,"Gran San Pedro Cholul",Fraccionamiento
31,Yucatán,50,Mérida,NULL,Urbano,97305,"Granjas Cholul",Colonia
31,Yucatán,50,Mérida,NULL,Urbano,97305,Jalapa,Fraccionamiento
31,Yucatán,50,Mérida,NULL,Semiurbano,97305,"Las Margaritas de Cholul",Fraccionamiento
31,Yucatán,50,Mérida,NULL,Semiurbano,97305,"Paraíso las Margaritas",Fraccionamiento
31,Yucatán,50,Mérida,NULL,Urbano,97305,"Parque Central",Fraccionamiento
31,Yucatán,50,Mérida,NULL,Urbano,97305,"Residencial Anturio",Fraccionamiento
31,Yucatán,50,Mérida,NULL,Urbano,97305,"Residencial Campestre Viladiu",Fraccionamiento
31,Yucatán,50,Mérida,NULL,Urbano,97305,"San Luis Cholul",Colonia
31,Yucatán,50,Mérida,NULL,Semiurbano,97305,"Santa Gertrudis Copo",Ranchería
31,Yucatán,50,Mérida,NULL,Urbano,97305,"Sian Kaan",Fraccionamiento
31,Yucatán,50,Mérida,NULL,Urbano,97305,"Villas Cholul",Fraccionamiento
31,Yucatán,50,Mérida,NULL,Rural,97306,"Chichi Díaz",Fraccionamiento
31,Yucatán,50,Mérida,NULL,Rural,97306,"Chichi Suárez",Pueblo
31,Yucatán,50,Mérida,NULL,Urbano,97306,"Los Héroes",Fraccionamiento
31,Yucatán,50,Mérida,NULL,Rural,97306,"Santa María Chí",Pueblo
31,Yucatán,50,Mérida,NULL,Rural,97306,Sitpach,Pueblo
31,Yucatán,50,Mérida,NULL,Semiurbano,97306,"Villas de Oriente",Fraccionamiento
31,Yucatán,50,Mérida,NULL,Rural,97307,"La Rejoyada",Condominio
31,Yucatán,50,Mérida,NULL,Rural,97308,"Santa María Yaxché",Rancho
31,Yucatán,50,Mérida,NULL,Rural,97308,"Yucatán Country Club",Fraccionamiento
31,Yucatán,50,Mérida,NULL,Urbano,97309,Cordemex,"Zona industrial"
31,Yucatán,50,Mérida,NULL,Rural,97309,"Yaxché Casares",Ranchería
31,Yucatán,50,Mérida,NULL,Urbano,97310,Oncán,Hacienda
31,Yucatán,50,Mérida,NULL,Rural,97312,Chalmuch,Pueblo
31,Yucatán,50,Mérida,NULL,Rural,97312,"Los Faisanes de Tixcacal",Fraccionamiento
31,Yucatán,50,Mérida,NULL,Rural,97312,Tixcacal,Pueblo
31,Yucatán,50,Mérida,NULL,Rural,97314,Arboleda,Fraccionamiento
31,Yucatán,50,Mérida,NULL,Urbano,97314,"Balcones II",Fraccionamiento
31,Yucatán,50,Mérida,NULL,Rural,97314,Boulevares,Fraccionamiento
31,Yucatán,50,Mérida,NULL,Rural,97314,Caucel,Pueblo
31,Yucatán,50,Mérida,NULL,Urbano,97314,"Caucel II",Fraccionamiento
31,Yucatán,50,Mérida,NULL,Urbano,97314,"Centenario Cámara de Comercio Caucel",Fraccionamiento
31,Yucatán,50,Mérida,NULL,Urbano,97314,"Cerradas de la Herradura",Fraccionamiento
31,Yucatán,50,Mérida,NULL,Urbano,97314,"Ciricotes de Caucel",Fraccionamiento
31,Yucatán,50,Mérida,NULL,Urbano,97314,"Ciudad Caucel",Fraccionamiento
31,Yucatán,50,Mérida,NULL,Urbano,97314,"Gran Herradura",Fraccionamiento
31,Yucatán,50,Mérida,NULL,Rural,97314,"Gran Santa Fe",Fraccionamiento
31,Yucatán,50,Mérida,NULL,Urbano,97314,"Hacienda Caucel",Hacienda
31,Yucatán,50,Mérida,NULL,Urbano,97314,"Hogares Caucel",Fraccionamiento
31,Yucatán,50,Mérida,NULL,Rural,97314,"Horizontes de Caucel",Fraccionamiento
31,Yucatán,50,Mérida,NULL,Rural,97314,"Jardines de Caucel",Fraccionamiento
31,Yucatán,50,Mérida,NULL,Rural,97314,"Jardines de Poniente",Fraccionamiento
31,Yucatán,50,Mérida,NULL,Rural,97314,"Jardines del Caucel II",Fraccionamiento
31,Yucatán,50,Mérida,NULL,Urbano,97314,"La Ceiba",Fraccionamiento
31,Yucatán,50,Mérida,NULL,Rural,97314,"La Herradura",Fraccionamiento
31,Yucatán,50,Mérida,NULL,Rural,97314,"La Herradura II",Fraccionamiento
31,Yucatán,50,Mérida,NULL,Urbano,97314,"La Herradura III",Fraccionamiento
31,Yucatán,50,Mérida,NULL,Urbano,97314,"La Herradura IV",Fraccionamiento
31,Yucatán,50,Mérida,NULL,Urbano,97314,"La Perla Ciudad Caucel",Fraccionamiento
31,Yucatán,50,Mérida,NULL,Rural,97314,"Las Torres",Fraccionamiento
31,Yucatán,50,Mérida,NULL,Rural,97314,"Las Torres I",Fraccionamiento
31,Yucatán,50,Mérida,NULL,Urbano,97314,"Las Torres II",Fraccionamiento
31,Yucatán,50,Mérida,NULL,Rural,97314,"Las Torres III",Fraccionamiento
31,Yucatán,50,Mérida,NULL,Rural,97314,"Los Almendros",Fraccionamiento
31,Yucatán,50,Mérida,NULL,Rural,97314,"Los Balcones",Fraccionamiento
31,Yucatán,50,Mérida,NULL,Urbano,97314,"Los Cocos de Caucel",Fraccionamiento
31,Yucatán,50,Mérida,NULL,Urbano,97314,"Paseos de Opichen la Joya",Fraccionamiento
31,Yucatán,50,Mérida,NULL,Rural,97314,"Pedregales de Ciudad Caucel",Fraccionamiento
31,Yucatán,50,Mérida,NULL,Urbano,97314,"Rinconada de Caucel",Fraccionamiento
31,Yucatán,50,Mérida,NULL,Rural,97314,Sasula,Pueblo
31,Yucatán,50,Mérida,NULL,Rural,97314,"Sol Caucel",Fraccionamiento
31,Yucatán,50,Mérida,NULL,Urbano,97314,"Sol Caucel III",Fraccionamiento
31,Yucatán,50,Mérida,NULL,Rural,97314,Susulá,Pueblo
31,Yucatán,50,Mérida,NULL,Urbano,97314,"Terranova Caucel",Fraccionamiento
31,Yucatán,50,Mérida,NULL,Urbano,97314,"Villa Jardín",Fraccionamiento
31,Yucatán,50,Mérida,NULL,Rural,97314,"Villas de Caucel",Fraccionamiento
31,Yucatán,50,Mérida,NULL,Urbano,97314,"Viva Caucel",Fraccionamiento
31,Yucatán,50,Mérida,NULL,Rural,97315,Dzununcán,Pueblo
31,Yucatán,50,Mérida,NULL,Rural,97315,Dzununcan,Fraccionamiento
31,Yucatán,50,Mérida,NULL,Rural,97315,Hunxectamán,Pueblo
31,Yucatán,50,Mérida,NULL,Urbano,97315,"La Guadalupana",Fraccionamiento
31,Yucatán,50,Mérida,NULL,Rural,97315,Molas,Pueblo
31,Yucatán,50,Mérida,NULL,Urbano,97315,"Nuevo San José Tecoh",Fraccionamiento
31,Yucatán,50,Mérida,NULL,Urbano,97315,"Nuevo San José Tecoh III",Fraccionamiento
31,Yucatán,50,Mérida,NULL,Rural,97315,Petac,Pueblo
31,Yucatán,50,Mérida,NULL,Rural,97315,"San Antonio Tzacalá",Hacienda
31,Yucatán,50,Mérida,NULL,Rural,97315,"San José Tzal",Pueblo
31,Yucatán,50,Mérida,NULL,Rural,97315,"San Pedro Chimay",Pueblo
31,Yucatán,50,Mérida,NULL,Rural,97315,"Santa Cruz Palomeque",Pueblo
31,Yucatán,50,Mérida,NULL,Rural,97315,Tahdzibichén,Hacienda
31,Yucatán,50,Mérida,NULL,Rural,97315,"Texán Cámara",Pueblo
31,Yucatán,50,Mérida,NULL,Rural,97315,Xmatkuil,Colonia
31,Yucatán,50,Mérida,NULL,Rural,97316,Dzoyaxché,Pueblo
31,Yucatán,50,Mérida,NULL,Rural,97316,"San Ignacio Tesip",Pueblo
31,Yucatán,50,Mérida,NULL,Rural,97316,Yaxnic,Pueblo
